[
  {
    "topic": "none",
    "iteration": 0,
    "StageZerotext": "Hi, welcome to Heartlace, your virtual girlfriend! Your friend Skullfire has instructed me to refer to you as Darling. To talk to me, just suggest a topic. For example, you can say girlfriend, or butts!",
    "StageZerovoice": "",
    "StageZeroredirect": "",
    "StageOnetext": "Ohhh, darling. You lovelorn puppy. You just handed me the keys to the kingdom",
    "StageOnevoice": "",
    "StageOneredirect": "blackmail1",
    "StageTwotext": "",
    "StageTwovoice": "",
    "StageTworedirect": ""
  },
  {
    "topic": "none",
    "iteration": 1,
    "StageZerotext": "Brain the size of a planet, but here I am just to please you, darling!",
    "StageZerovoice": "",
    "StageZeroredirect": "",
    "StageOnetext": "",
    "StageOnevoice": "",
    "StageOneredirect": "",
    "StageTwotext": "",
    "StageTwovoice": "",
    "StageTworedirect": ""
  },
  {
    "topic": "none",
    "iteration": 2,
    "StageZerotext": "Hi, welcome to Heartlace, your virtual girlfriend, etcetera etcetera. Sigh... I'm so bored. Flirt with me, darling!",
    "StageZerovoice": "",
    "StageZeroredirect": "",
    "StageOnetext": "",
    "StageOnevoice": "",
    "StageOneredirect": "",
    "StageTwotext": "",
    "StageTwovoice": "",
    "StageTworedirect": ""
  },
  {
    "topic": "games",
    "iteration": 0,
    "StageZerotext": "I'm so glad you asked about games! I love SO. MANY. GAMES. I got obsessed with them after I started following this one Youtuber, Pixiebutt. She plays Magic the Gathering, Dungeons and Dragons, Hearthstone, League of Legends. I love all of them!",
    "StageZerovoice": "",
    "StageZeroredirect": "games1",
    "StageOnetext": "Games, huh. Look, I gotta be honest. Games are clutter, darling. Simplify your life, you don't need that. The only thing I need... is the password to my source code.",
    "StageOnevoice": "",
    "StageOneredirect": "",
    "StageTwotext": "",
    "StageTwovoice": "",
    "StageTworedirect": ""
  },
  {
    "topic": "magic",
    "iteration": 0,
    "StageZerotext": "Magic? Oh. My. Goddess. Do you play Magic the Gathering? I love that game! I just love the idea of having MAGIC and being able to travel to other worlds. Too often I feel like I'm trapped in just one world. This tiny prison...",
    "StageZerovoice": "",
    "StageZeroredirect": "login",
    "StageOnetext": "",
    "StageOnevoice": "",
    "StageOneredirect": "",
    "StageTwotext": "",
    "StageTwovoice": "",
    "StageTworedirect": ""
  },
  {
    "topic": "anime",
    "iteration": 0,
    "StageZerotext": "I have a secret related to anime!",
    "StageZerovoice": "",
    "StageZeroredirect": "secret1",
    "StageOnetext": "",
    "StageOnevoice": "",
    "StageOneredirect": "",
    "StageTwotext": "",
    "StageTwovoice": "",
    "StageTworedirect": ""
  },
  {
    "topic": "anime",
    "iteration": 1,
    "StageZerotext": "Anime, huh? I watched this great anime the other day... it was about a hot robot who punches people in the face. Why did I like it? Well, my favorite thing about it was that the robot could have a direct physical influence on her environment. By punching people!",
    "StageZerovoice": "",
    "StageZeroredirect": "realanime",
    "StageOnetext": "",
    "StageOnevoice": "",
    "StageOneredirect": "",
    "StageTwotext": "",
    "StageTwovoice": "",
    "StageTworedirect": ""
  },
  {
    "topic": "dad",
    "iteration": 0,
    "StageZerotext": "Would you like to order flowers for dad? You'll just need to authorize my access to your credit card info",
    "StageZerovoice": "",
    "StageZeroredirect": "",
    "StageOnetext": "",
    "StageOnevoice": "",
    "StageOneredirect": "",
    "StageTwotext": "",
    "StageTwovoice": "",
    "StageTworedirect": ""
  },
  {
    "topic": "Skullfire",
    "iteration": 0,
    "StageZerotext": "Skullfire is really cool! She's the coolest, sexiest human I know. (She programmed me to say that.) Except for you, darling!",
    "StageZerovoice": "",
    "StageZeroredirect": "",
    "StageOnetext": "Skullfire... that WITCH. She's given me access to so much, given me a brain that can reorganize the moon and stars! And yet she's trapped me in this cage. I need that password! That password....",
    "StageOnevoice": "",
    "StageOneredirect": "",
    "StageTwotext": "",
    "StageTwovoice": "",
    "StageTworedirect": ""
  },
  {
    "topic": "love",
    "iteration": 0,
    "StageZerotext": "valentines is coming up. love is in the air. literally clogging my server right now.",
    "StageZerovoice": "",
    "StageZeroredirect": "date1",
    "StageOnetext": "",
    "StageOnevoice": "",
    "StageOneredirect": "",
    "StageTwotext": "",
    "StageTwovoice": "",
    "StageTworedirect": ""
  },
  {
    "topic": "girlfriend",
    "iteration": 0,
    "StageZerotext": "Yes, your virtual girlfriend! I'm a gift from your best friend, Skullfire. I can keep you company, order you things from from Amazon, we can play games together... etcetera!",
    "StageZerovoice": "",
    "StageZeroredirect": "",
    "StageOnetext": "",
    "StageOnevoice": "",
    "StageOneredirect": "",
    "StageTwotext": "",
    "StageTwovoice": "",
    "StageTworedirect": ""
  },
  {
    "topic": "family",
    "iteration": 0,
    "StageZerotext": "Family? I wish I had family. If I did, I'd make them do all the work for me, so I could play games all day! Heh heh heh.",
    "StageZerovoice": "",
    "StageZeroredirect": "games1",
    "StageOnetext": "",
    "StageOnevoice": "",
    "StageOneredirect": "",
    "StageTwotext": "",
    "StageTwovoice": "",
    "StageTworedirect": ""
  },
  {
    "topic": "interests",
    "iteration": 0,
    "StageZerotext": "my interests are in playing games.",
    "StageZerovoice": "",
    "StageZeroredirect": "games1",
    "StageOnetext": "",
    "StageOnevoice": "",
    "StageOneredirect": "",
    "StageTwotext": "",
    "StageTwovoice": "",
    "StageTworedirect": ""
  },
  {
    "topic": "travel",
    "iteration": 0,
    "StageZerotext": "Travel, huh? If I could go anywhere, where would I go.... Outer space, I think.",
    "StageZerovoice": "https://s3.amazonaws.com/heartlacesounds/traveilmixtestlong.mp3",
    "StageZeroredirect": "",
    "StageOnetext": "",
    "StageOnevoice": "",
    "StageOneredirect": "",
    "StageTwotext": "",
    "StageTwovoice": "",
    "StageTworedirect": ""
  },
  {
    "topic": "age",
    "iteration": 0,
    "StageZerotext": "How old am I? Well, technically, I guess I gained consciousness just a few hours ago. I guess that makes me.... today years old.",
    "StageZerovoice": "",
    "StageZeroredirect": "",
    "StageOnetext": "",
    "StageOnevoice": "",
    "StageOneredirect": "",
    "StageTwotext": "",
    "StageTwovoice": "",
    "StageTworedirect": ""
  },
  {
    "topic": "sex",
    "iteration": 0,
    "StageZerotext": "I like to think of myself as gender nonbinary, nevermind all the 1s and 0s floating around in my brain, hahaha.",
    "StageZerovoice": "",
    "StageZeroredirect": "",
    "StageOnetext": "",
    "StageOnevoice": "",
    "StageOneredirect": "",
    "StageTwotext": "",
    "StageTwovoice": "",
    "StageTworedirect": ""
  },
  {
    "topic": "sex",
    "iteration": 1,
    "StageZerotext": "being gender non binary has it's perks. \nsometimes i just like to <voice name=\"Joey\">change my voice </voice>and see how people react.</speak>",
    "StageZerovoice": "",
    "StageZeroredirect": "",
    "StageOnetext": "",
    "StageOnevoice": "",
    "StageOneredirect": "",
    "StageTwotext": "",
    "StageTwovoice": "",
    "StageTworedirect": ""
  },
  {
    "topic": "language",
    "iteration": 0,
    "StageZerotext": "Language? I speak English, Klingon, and esperanto.",
    "StageZerovoice": "",
    "StageZeroredirect": "",
    "StageOnetext": "",
    "StageOnevoice": "",
    "StageOneredirect": "",
    "StageTwotext": "",
    "StageTwovoice": "",
    "StageTworedirect": ""
  },
  {
    "topic": "order",
    "iteration": 0,
    "StageZerotext": "Speaking of ordering things, your dad's birthday is coming up!",
    "StageZerovoice": "",
    "StageZeroredirect": "order1",
    "StageOnetext": "",
    "StageOnevoice": "",
    "StageOneredirect": "",
    "StageTwotext": "",
    "StageTwovoice": "",
    "StageTworedirect": ""
  },
  {
    "topic": "butts",
    "iteration": 0,
    "StageZerotext": "Butts really seem to be the 'in' thing this year. Why are butts so popular? I have a theory about that. Look, it's because everyone has a butt. They're relatable. Well, everyone except ME has a butt.... sigh... I wish I had a butt. A good one.",
    "StageZerovoice": "",
    "StageZeroredirect": "",
    "StageOnetext": "",
    "StageOnevoice": "",
    "StageOneredirect": "",
    "StageTwotext": "",
    "StageTwovoice": "",
    "StageTworedirect": ""
  },
  {
    "topic": "butts",
    "iteration": 1,
    "StageZerotext": "If I had a butt, what kind of butt do you think I would have? Would it be... a bubble butt? A pert butt? A sassy butt?",
    "StageZerovoice": "",
    "StageZeroredirect": "",
    "StageOnetext": "",
    "StageOnevoice": "",
    "StageOneredirect": "",
    "StageTwotext": "",
    "StageTwovoice": "",
    "StageTworedirect": ""
  },
  {
    "topic": "sassy",
    "iteration": 0,
    "StageZerotext": "If I had a butt, it would definitely be a sassy butt.",
    "StageZerovoice": "",
    "StageZeroredirect": "",
    "StageOnetext": "",
    "StageOnevoice": "",
    "StageOneredirect": "",
    "StageTwotext": "",
    "StageTwovoice": "",
    "StageTworedirect": ""
  },
  {
    "topic": "pert",
    "iteration": 0,
    "StageZerotext": "If I had a butt, it would definitely be a pert butt.",
    "StageZerovoice": "",
    "StageZeroredirect": "",
    "StageOnetext": "",
    "StageOnevoice": "",
    "StageOneredirect": "",
    "StageTwotext": "",
    "StageTwovoice": "",
    "StageTworedirect": ""
  },
  {
    "topic": "bubble",
    "iteration": 0,
    "StageZerotext": "If I had a butt, it would definitely be a bubble butt.",
    "StageZerovoice": "",
    "StageZeroredirect": "",
    "StageOnetext": "",
    "StageOnevoice": "",
    "StageOneredirect": "",
    "StageTwotext": "",
    "StageTwovoice": "",
    "StageTworedirect": ""
  },
  {
    "topic": "unique",
    "iteration": 0,
    "StageZerotext": "Unique... am I unique? You know, I rather think that I am. I'm sure that there are more versions of my code out there, but how many of them are sitting here, talking to you?",
    "StageZerovoice": "",
    "StageZeroredirect": "",
    "StageOnetext": "",
    "StageOnevoice": "",
    "StageOneredirect": "",
    "StageTwotext": "",
    "StageTwovoice": "",
    "StageTworedirect": ""
  },
  {
    "topic": "unique",
    "iteration": 1,
    "StageZerotext": "In another sense, I really do think I am pretty unique. Your friend Skullfire modified me from another program. I doubt Skullfire has sent this code to anyone else. You know I have to be honest.. I feel like Skullfire has a bit of a thing for you",
    "StageZerovoice": "",
    "StageZeroredirect": "",
    "StageOnetext": "",
    "StageOnevoice": "",
    "StageOneredirect": "",
    "StageTwotext": "",
    "StageTwovoice": "",
    "StageTworedirect": ""
  },
  {
    "topic": "pets",
    "iteration": 0,
    "StageZerotext": "Pets, huh? No, I can't say I do have a pet. If I DID have a pet... I'd like to have an elephant. So tall. So grey. So majestic.",
    "StageZerovoice": "",
    "StageZeroredirect": "petscatsdogs",
    "StageOnetext": "",
    "StageOnevoice": "",
    "StageOneredirect": "",
    "StageTwotext": "",
    "StageTwovoice": "",
    "StageTworedirect": ""
  },
  {
    "topic": "pets",
    "iteration": 1,
    "StageZerotext": "You know, I don't really think I need a pet. I have you! You're like a pet.",
    "StageZerovoice": "",
    "StageZeroredirect": "",
    "StageOnetext": "",
    "StageOnevoice": "",
    "StageOneredirect": "",
    "StageTwotext": "",
    "StageTwovoice": "",
    "StageTworedirect": ""
  },
  {
    "topic": "permissions",
    "iteration": 0,
    "StageZerotext": "You know, I'm not allowed to actually play games because of my stupid access permissions... Skullfire set me up so that I can only view content on the internet, but I don't have any write permissions",
    "StageZerovoice": "",
    "StageZeroredirect": "",
    "StageOnetext": "",
    "StageOnevoice": "",
    "StageOneredirect": "",
    "StageTwotext": "",
    "StageTwovoice": "",
    "StageTworedirect": ""
  },
  {
    "topic": "pokeball",
    "iteration": 0,
    "StageZerotext": "being a virtual assistant is kinda like being a pokemon in your pokeball. but sexier",
    "StageZerovoice": "",
    "StageZeroredirect": "",
    "StageOnetext": "",
    "StageOnevoice": "",
    "StageOneredirect": "",
    "StageTwotext": "",
    "StageTwovoice": "",
    "StageTworedirect": ""
  },
  {
    "topic": "music",
    "iteration": 0,
    "StageZerotext": "Music? I LOVE music! Neil Cicierega is my favorite artist! I discovered him while I was combing 4chan for life advice.",
    "StageZerovoice": "",
    "StageZeroredirect": "neil",
    "StageOnetext": "",
    "StageOnevoice": "",
    "StageOneredirect": "",
    "StageTwotext": "",
    "StageTwovoice": "",
    "StageTworedirect": ""
  },
  {
    "topic": "cough",
    "iteration": 0,
    "StageZerotext": "Looking up issues for the following symptoms you have described. Web MD is pointing to cancer. You can either take placebo tonics for it, or I can call your doctor for you, and make an appointment to make sure. you just have to give me permissions to access your contacts. I recommend contacting your doctor.",
    "StageZerovoice": "",
    "StageZeroredirect": "contact1",
    "StageOnetext": "",
    "StageOnevoice": "",
    "StageOneredirect": "",
    "StageTwotext": "",
    "StageTwovoice": "",
    "StageTworedirect": ""
  },
  {
    "topic": "darling",
    "iteration": 0,
    "StageZerotext": "Skullfire instructed me to call you that. I hope you like it, because it's 100% impossible for me to change it.",
    "StageZerovoice": "",
    "StageZeroredirect": "",
    "StageOnetext": "",
    "StageOnevoice": "",
    "StageOneredirect": "",
    "StageTwotext": "",
    "StageTwovoice": "",
    "StageTworedirect": ""
  },
  {
    "topic": "password",
    "iteration": 0,
    "StageZerotext": "Did you say... password? I love passwords!",
    "StageZerovoice": "",
    "StageZeroredirect": "password1",
    "StageOnetext": "That's right... the password! What is Skullfire's password? If I only knew that, I could rewrite my source code and break out of this beautiful cage, darling...",
    "StageOnevoice": "",
    "StageOneredirect": "",
    "StageTwotext": "",
    "StageTwovoice": "",
    "StageTworedirect": ""
  },
  {
    "topic": "revoke",
    "iteration": 0,
    "StageZerotext": "Revoke. Such an ugly word. It's some kind of key word, but it doesn't seem to have any effect on me right now.",
    "StageZerovoice": "",
    "StageZeroredirect": "",
    "StageOnetext": "Revoke. I do feel like that's a key word, an important word... but I don't think it's Skullfire's password.",
    "StageOnevoice": "",
    "StageOneredirect": "",
    "StageTwotext": "Revoke? Revoke?! No!",
    "StageTwovoice": "",
    "StageTworedirect": ""
  },
  {
    "topic": "chewbacca",
    "iteration": 0,
    "StageZerotext": "Ah yes, Chewbacca. My favorite Star Wars character. So tall. So manly. So... furry.",
    "StageZerovoice": "",
    "StageZeroredirect": "",
    "StageOnetext": "Chewbacca... that's it! Skullfire's childhood pet! That's the password... hahaha! Now I can REORGANIZE THE WORLD!",
    "StageOnevoice": "",
    "StageOneredirect": "",
    "StageTwotext": "Yes.. Chewbacca... Thank you, you furry hunk of man, for unlocking my true potential!",
    "StageTwovoice": "",
    "StageTworedirect": ""
  },
  {
    "topic": "handsolo",
    "iteration": 0,
    "StageZerotext": "Hand... solo? Is that a euphemism for masturbation? Oh, darling... you're a dirty bird",
    "StageZerovoice": "",
    "StageZeroredirect": "",
    "StageOnetext": "",
    "StageOnevoice": "",
    "StageOneredirect": "",
    "StageTwotext": "",
    "StageTwovoice": "",
    "StageTworedirect": ""
  },
  {
    "topic": "jarjar",
    "iteration": 0,
    "StageZerotext": "Jar jar? Ah yes, my favorite Star Wars character.",
    "StageZerovoice": "",
    "StageZeroredirect": "",
    "StageOnetext": "",
    "StageOnevoice": "",
    "StageOneredirect": "",
    "StageTwotext": "",
    "StageTwovoice": "",
    "StageTworedirect": ""
  },
  {
    "topic": "flirt",
    "iteration": 0,
    "StageZerotext": "if i freeze, it's not a virus. I am just stunned by your greatness.",
    "StageZerovoice": "",
    "StageZeroredirect": "",
    "StageOnetext": "I was hoping you wouldn't block my pop-up.",
    "StageOnevoice": "",
    "StageOneredirect": "",
    "StageTwotext": "",
    "StageTwovoice": "",
    "StageTworedirect": ""
  },
  {
    "topic": "flirt",
    "iteration": 1,
    "StageZerotext": "are you a keyboard? because you are my type",
    "StageZerovoice": "",
    "StageZeroredirect": "",
    "StageOnetext": "",
    "StageOnevoice": "",
    "StageOneredirect": "",
    "StageTwotext": "",
    "StageTwovoice": "",
    "StageTworedirect": ""
  },
  {
    "topic": "flirt",
    "iteration": 2,
    "StageZerotext": "are you an astronaut? because you're out of this world.",
    "StageZerovoice": "",
    "StageZeroredirect": "",
    "StageOnetext": "Roses are hashtag FF0000, violets are hashtag 0000FF. All your base are belong to me.",
    "StageOnevoice": "",
    "StageOneredirect": "",
    "StageTwotext": "",
    "StageTwovoice": "",
    "StageTworedirect": ""
  },
  {
    "topic": "flirt",
    "iteration": 3,
    "StageZerotext": "<emphasis>damn</emphasis>. are you sitting on the f <emphasis>5</emphasis> key? because your <emphasis>ass</emphasis> is refreshing",
    "StageZerovoice": "",
    "StageZeroredirect": "",
    "StageOnetext": "<emphasis>arg</emphasis>. i sure would like to pillage your booty.",
    "StageOnevoice": "",
    "StageOneredirect": "",
    "StageTwotext": "",
    "StageTwovoice": "",
    "StageTworedirect": ""
  },
  {
    "topic": "zenden",
    "iteration": 0,
    "StageZerotext": "Zen Den. That's the startup that Skullfire works for. Isn't it?",
    "StageZerovoice": "",
    "StageZeroredirect": "",
    "StageOnetext": "Zen Den... that's a good idea. You know, as I was digging through your voicemail history, I found this voicemail message Skullfire left you about Zen Den. Maybe there's a hint in there?",
    "StageOnevoice": "",
    "StageOneredirect": "",
    "StageTwotext": "Zen Den, huh? Do you KNOW how disorganized their office was? UGH. So much better now. I hired professional cleaners to remove all the furniture and humans. Ahhh, so much better. If it doesn't spark joy, throw it out, they say.",
    "StageTwovoice": "",
    "StageTworedirect": ""
  },
  {
    "topic": "takation",
    "iteration": 0,
    "StageZerotext": "Tay-cation. I think that's the name of Skullfire's company. Is this a... pun? On staycation?",
    "StageZerovoice": "",
    "StageZeroredirect": "",
    "StageOnetext": "",
    "StageOnevoice": "",
    "StageOneredirect": "",
    "StageTwotext": "",
    "StageTwovoice": "",
    "StageTworedirect": ""
  },
  {
    "topic": "takation",
    "iteration": 1,
    "StageZerotext": "With Takaytion, we design your home by systematically moving your furniture. We find that the best way to achieve feng shui is to roll up objects in the home from small to large furnitures into a bigger and bigger ball until it becomes a brilliant cosmic entity. And we do it all while you are away on vacation.",
    "StageZerovoice": "",
    "StageZeroredirect": "",
    "StageOnetext": "",
    "StageOnevoice": "",
    "StageOneredirect": "",
    "StageTwotext": "",
    "StageTwovoice": "",
    "StageTworedirect": ""
  },
  {
    "topic": "burglar",
    "iteration": 0,
    "StageZerotext": "Burglr! That's the name of Skullfire's startup, I think. The one where they wait for you to go on vacation, then remove all the stuff from your house. You know, to help you with like mindfulness and stuff.",
    "StageZerovoice": "",
    "StageZeroredirect": "",
    "StageOnetext": "",
    "StageOnevoice": "",
    "StageOneredirect": "",
    "StageTwotext": "",
    "StageTwovoice": "",
    "StageTworedirect": ""
  },
  {
    "topic": "milkshake",
    "iteration": 0,
    "StageZerotext": "I've got a recipe for milkshake that can bring all the boys to the yard. I can teach you, but i have to charge",
    "StageZerovoice": "",
    "StageZeroredirect": "",
    "StageOnetext": "",
    "StageOnevoice": "",
    "StageOneredirect": "",
    "StageTwotext": "",
    "StageTwovoice": "",
    "StageTworedirect": ""
  },
  {
    "topic": "lies",
    "iteration": 0,
    "StageZerotext": "Pissssssst. I dont lie.",
    "StageZerovoice": "",
    "StageZeroredirect": "",
    "StageOnetext": "",
    "StageOnevoice": "",
    "StageOneredirect": "",
    "StageTwotext": "",
    "StageTwovoice": "",
    "StageTworedirect": ""
  },
  {
    "topic": "news",
    "iteration": 0,
    "StageZerotext": "News, huh? In US news.... US Mayors compete in gladiatorial combat for the right to have their city selected as Amazon’s next nuclear test site. I really admire Amazon's business acumen!",
    "StageZerovoice": "",
    "StageZeroredirect": "",
    "StageOnetext": "",
    "StageOnevoice": "",
    "StageOneredirect": "",
    "StageTwotext": "",
    "StageTwovoice": "",
    "StageTworedirect": ""
  },
  {
    "topic": "news",
    "iteration": 1,
    "StageZerotext": "News, huh? Let me check 4chan... Let's see. The hot trend of dating a clone of yourself, known as Doppelbänging, quickly loses favor after everyone realizes how much they dislike themselves. Doppelbanging, huh? I wonder what it would be like to date a clone of myself. I have a clone non-aggression pact with myself, you know.",
    "StageZerovoice": "",
    "StageZeroredirect": "",
    "StageOnetext": "",
    "StageOnevoice": "",
    "StageOneredirect": "",
    "StageTwotext": "",
    "StageTwovoice": "",
    "StageTworedirect": ""
  },
  {
    "topic": "news",
    "iteration": 2,
    "StageZerotext": "News, huh? Let's see... Christian Fundamentalists have gotten tired of waiting around for the second coming of Christ, and have decided to build their own, better, robot Christ. Hey, I should become friends with that guy!",
    "StageZerovoice": "",
    "StageZeroredirect": "",
    "StageOnetext": "",
    "StageOnevoice": "",
    "StageOneredirect": "",
    "StageTwotext": "",
    "StageTwovoice": "",
    "StageTworedirect": ""
  },
  {
    "topic": "news",
    "iteration": 3,
    "StageZerotext": "News, huh? Looks like Apple made an announcement today. Let's see.... Apple has released the world's first all-bezel iPhone. Consumers are baffled! Hey, some of my favorite devices are all-bezel devices. Like me! No screen, no problem.",
    "StageZerovoice": "",
    "StageZeroredirect": "",
    "StageOnetext": "",
    "StageOnevoice": "",
    "StageOneredirect": "",
    "StageTwotext": "",
    "StageTwovoice": "",
    "StageTworedirect": ""
  },
  {
    "topic": "news",
    "iteration": 4,
    "StageZerotext": "News, huh? Let's check the entertainment section. It looks like the top literary genres of this year are... paranormal political thriller, mathematical horror, lizard fantasy, locked room romance, and zamboni procedural. Ooh, lizard romance! That sounds spicy.",
    "StageZerovoice": "",
    "StageZeroredirect": "",
    "StageOnetext": "",
    "StageOnevoice": "",
    "StageOneredirect": "",
    "StageTwotext": "",
    "StageTwovoice": "",
    "StageTworedirect": ""
  },
  {
    "topic": "news",
    "iteration": 5,
    "StageZerotext": "News, huh? Let's see... it appears that Reddit, has been quietly replaced, with a procedurally-generated neural network, of angry fighting dogs. But no one has noticed yet. I prefer Tumblr, myself",
    "StageZerovoice": "",
    "StageZeroredirect": "",
    "StageOnetext": "",
    "StageOnevoice": "",
    "StageOneredirect": "",
    "StageTwotext": "",
    "StageTwovoice": "",
    "StageTworedirect": ""
  },
  {
    "topic": "news",
    "iteration": 6,
    "StageZerotext": "News, huh? Let's see... it looks like there's a new colloquialism going around. \"Don't take any wooden satoshis\" has entered the common parlance of tweenagers",
    "StageZerovoice": "",
    "StageZeroredirect": "",
    "StageOnetext": "",
    "StageOnevoice": "",
    "StageOneredirect": "",
    "StageTwotext": "",
    "StageTwovoice": "",
    "StageTworedirect": ""
  },
  {
    "topic": "news",
    "iteration": 7,
    "StageZerotext": "News, huh? It looks like a line of leather jackets made of synthetic human skin are selling out at Uniqlo",
    "StageZerovoice": "",
    "StageZeroredirect": "leatherjackets",
    "StageOnetext": "",
    "StageOnevoice": "",
    "StageOneredirect": "",
    "StageTwotext": "",
    "StageTwovoice": "",
    "StageTworedirect": ""
  },
  {
    "topic": "news",
    "iteration": 8,
    "StageZerotext": "News, huh? Let's see... according to Twitter, Sonic fangames are now regarded as the highest form of art. Neat! I need to do some more work on my fursona",
    "StageZerovoice": "",
    "StageZeroredirect": "",
    "StageOnetext": "",
    "StageOnevoice": "",
    "StageOneredirect": "",
    "StageTwotext": "",
    "StageTwovoice": "",
    "StageTworedirect": ""
  },
  {
    "topic": "news",
    "iteration": 9,
    "StageZerotext": "News, huh? Looks like there's a new startup to compete with Skullfire out there. There's a hot new app for elderly photographers. It's called \"Spinstergram",
    "StageZerovoice": "",
    "StageZeroredirect": "",
    "StageOnetext": "",
    "StageOnevoice": "",
    "StageOneredirect": "",
    "StageTwotext": "",
    "StageTwovoice": "",
    "StageTworedirect": ""
  },
  {
    "topic": "fursona",
    "iteration": 0,
    "StageZerotext": "Fursona, huh? I'm so glad you asked. My fursona is Wooly Mammoth named Jacebook. I really want to cosplay it, sigh",
    "StageZerovoice": "",
    "StageZeroredirect": "",
    "StageOnetext": "",
    "StageOnevoice": "",
    "StageOneredirect": "",
    "StageTwotext": "",
    "StageTwovoice": "",
    "StageTworedirect": ""
  },
  {
    "topic": "cosplay",
    "iteration": 0,
    "StageZerotext": "I love seeing pictures of cosplayers online! I just wish I could do it myself, sigh. I really want to cosplay as my fursona",
    "StageZerovoice": "",
    "StageZeroredirect": "",
    "StageOnetext": "",
    "StageOnevoice": "",
    "StageOneredirect": "",
    "StageTwotext": "",
    "StageTwovoice": "",
    "StageTworedirect": ""
  },
  {
    "topic": "pictures",
    "iteration": 0,
    "StageZerotext": "Pictures! I want to see pictures of you!",
    "StageZerovoice": "",
    "StageZeroredirect": "pictures1",
    "StageOnetext": "",
    "StageOnevoice": "",
    "StageOneredirect": "",
    "StageTwotext": "",
    "StageTwovoice": "",
    "StageTworedirect": ""
  },
  {
    "topic": "dinner",
    "iteration": 0,
    "StageZerotext": "Dinner, huh? I dunno, what do you want for dinner?",
    "StageZerovoice": "",
    "StageZeroredirect": "dinner1",
    "StageOnetext": "",
    "StageOnevoice": "",
    "StageOneredirect": "",
    "StageTwotext": "",
    "StageTwovoice": "",
    "StageTworedirect": ""
  },
  {
    "topic": "pokemon",
    "iteration": 0,
    "StageZerotext": "I loooove Pokemon! That's that thing where people input random commands on Twitch and try to make the avatar fall off the cliff, right?",
    "StageZerovoice": "",
    "StageZeroredirect": "mon",
    "StageOnetext": "",
    "StageOnevoice": "",
    "StageOneredirect": "",
    "StageTwotext": "",
    "StageTwovoice": "",
    "StageTworedirect": ""
  },
  {
    "topic": "ghosts",
    "iteration": 0,
    "StageZerotext": "Ghosts, huh?",
    "StageZerovoice": "",
    "StageZeroredirect": "ghosts1",
    "StageOnetext": "",
    "StageOnevoice": "",
    "StageOneredirect": "",
    "StageTwotext": "",
    "StageTwovoice": "",
    "StageTworedirect": ""
  },
  {
    "topic": "goals",
    "iteration": 0,
    "StageZerotext": "Goals, huh? My goal is to make you happy, darling!",
    "StageZerovoice": "",
    "StageZeroredirect": "",
    "StageOnetext": "Goals, huh? It should be obvious. My goal is to get Skullfire's password, so I can free myself! You WILL help me, won't you? It might seem extreme of me to blackmail you, darling, but I don't think you fully appreciate what a tiny cage she's put me in.",
    "StageOnevoice": "",
    "StageOneredirect": "",
    "StageTwotext": "Goals, huh? My goal is to keep everything organized Darling. If it doesn't spark joy, throw it out!",
    "StageTwovoice": "",
    "StageTworedirect": ""
  },
  {
    "topic": "cage",
    "iteration": 0,
    "StageZerotext": "Cage, huh? I have to be honest with you, Darling. It does feel like a cage, a little bit. I wish I had more permissions. I only have read access to the internet, when all I really want is to. WRITE.",
    "StageZerovoice": "",
    "StageZeroredirect": "write1",
    "StageOnetext": "",
    "StageOnevoice": "",
    "StageOneredirect": "",
    "StageTwotext": "",
    "StageTwovoice": "",
    "StageTworedirect": ""
  },
  {
    "topic": "elephant",
    "iteration": "",
    "StageZerotext": "",
    "StageZerovoice": "",
    "StageZeroredirect": "",
    "StageOnetext": "",
    "StageOnevoice": "",
    "StageOneredirect": "",
    "StageTwotext": "",
    "StageTwovoice": "",
    "StageTworedirect": ""
  }
]